<DIAGRAM generator="gModeler.com" appVersion="0.2" type="classmap" name="Welcome to gModeler" author="Grant Skinner" dateCreated="2003/1/17" dateModified="2013/12/1"><ELEMENTS><ELEMENT hiliteColor="FF9900" height="106" width="139" y="-20" x="-392" name="Main" type="class"><groups><GROUP name="Properties"><ITEM name="" datatype="" hiliteColor="FFFFFF" /></GROUP><GROUP name="Methods"><ITEM name="- initializer()" datatype="" hiliteColor="FFFFFF" /></GROUP><GROUP name="Events"><ITEM name="" datatype="" hiliteColor="FFFFFF" /></GROUP></groups></ELEMENT><ELEMENT hiliteColor="FF9900" height="178" width="150" y="-16" x="66" name="Provider" type="class"><groups><GROUP name="Properties"><ITEM name="" datatype="" hiliteColor="FFFFFF" /></GROUP><GROUP name="Methods"><ITEM name="" datatype="" hiliteColor="FFFFFF" /></GROUP><GROUP name="Events"><ITEM name="" datatype="" hiliteColor="FFFFFF" /></GROUP></groups></ELEMENT><ELEMENT hiliteColor="FF9900" height="64" width="250" y="-126" x="-217" name="*1 - Drawing" type="note">1) File Browser
2) File Uploading Container
3) register document `unload` event</ELEMENT><ELEMENT hiliteColor="FF9900" height="104" width="250" y="-52" x="-217" name="*2 - Registing" type="note">1) fullfill File html
2) Binding Provider file event registering (multipleFile, FileFilters, enabled ...)
3) Binding Provider events(uploadprogress, uploadComplete, uploaderror, fileselect) to the Main</ELEMENT><ELEMENT hiliteColor="FF9900" height="152" width="250" y="63" x="-217" name="*3 - File Select" type="note">1) responde `fileSelect` event
2) validate the files&apos; information(selecting file numbers, extend name, size, ...), and then responde each registering event(onMaxSizeExceed, onExtNameMismatch ...)
3) add files to the files&apos; container for uploading
4) showing file information ...
</ELEMENT><ELEMENT hiliteColor="FF9900" height="60" width="250" y="225" x="-217" name="*4 - Get Token" type="note">1) get a token for each file-container&apos;s file</ELEMENT><ELEMENT hiliteColor="FF9900" height="112" width="150" y="60" x="451" name="Uploader" type="class"><groups><GROUP name="Properties"><ITEM name="" datatype="" hiliteColor="FFFFFF" /></GROUP><GROUP name="Methods"><ITEM name="- startUpload()" datatype="" hiliteColor="FFFFFF" /></GROUP><GROUP name="Events"><ITEM name="" datatype="" hiliteColor="FFFFFF" /></GROUP></groups></ELEMENT><ELEMENT hiliteColor="FF9900" height="60" width="250" y="291" x="-217" name="*5 - Uploading" type="note">1) call Provider&apos;s upload()</ELEMENT><ELEMENT hiliteColor="FF9900" height="60" width="167" y="56" x="241" name="*6 - Uploading" type="note">1) call Uploader&apos;s startUpload()</ELEMENT><ELEMENT hiliteColor="FF9900" height="122" width="201" y="161" x="233" name="*7 - Response Event" type="note">1) onuploadprogress() - how much binary already uploaded
2) onuploadcomplete() - event of file uploaded all
3) onuploadcancel() - cancel uploading some file(s)
4) onuploaderror() - error event</ELEMENT></ELEMENTS><LINKS><LINK endSide="b" startSide="b" label="Dependency (uses)" type="dependency" descriptor="*start* is dependent upon *end*" endPosition="525" startPosition="525" hiliteColor="000000" endHead="arrow_filled" startHead="none" end="6" start="6" /><LINK endSide="r" startSide="l" label="Dependency (uses)" type="dependency" descriptor="*start* is dependent upon *end*" endPosition="995" startPosition="887" hiliteColor="000000" endHead="arrow_filled" startHead="none" end="1" start="6" /><LINK endSide="l" startSide="r" label="Dependency (uses)" type="dependency" descriptor="*start* is dependent upon *end*" endPosition="535" startPosition="937" hiliteColor="000000" endHead="arrow_filled" startHead="none" end="1" start="0" /><LINK endSide="l" startSide="l" label="Dependency (uses)" type="dependency" descriptor="*start* is dependent upon *end*" endPosition="435" startPosition="435" hiliteColor="000000" endHead="arrow_filled" startHead="none" end="1" start="1" /><LINK endSide="l" startSide="r" label="Dependency (uses)" type="dependency" descriptor="*start* is dependent upon *end*" endPosition="558" startPosition="788" hiliteColor="000000" endHead="arrow_filled" startHead="none" end="6" start="1" /><LINK endSide="l" startSide="b" label="Dependency (uses)" type="dependency" descriptor="*start* is dependent upon *end*" endPosition="553" startPosition="567" hiliteColor="000000" endHead="arrow_filled" startHead="none" end="5" start="0" /><LINK endSide="l" startSide="r" label="Dependency (uses)" type="dependency" descriptor="*start* is dependent upon *end*" endPosition="406" startPosition="725" hiliteColor="000000" endHead="arrow_filled" startHead="none" end="1" start="0" /><LINK endSide="l" startSide="r" label="Dependency (uses)" type="dependency" descriptor="*start* is dependent upon *end*" endPosition="748" startPosition="153" hiliteColor="000000" endHead="arrow_filled" startHead="none" end="2" start="0" /></LINKS></DIAGRAM>
