<DIAGRAM generator="gModeler.com" appVersion="0.2" type="classmap" name="stream" author="Grant Skinner" dateCreated="2003/1/17" dateModified="2013/11/30"><ELEMENTS><ELEMENT hiliteColor="FF9900" height="286" width="150" y="-124" x="-43" name="Main" type="class"><groups><GROUP name="Properties"><ITEM name="config" datatype="" hiliteColor="FFFFFF" /><ITEM name="uploadInfo" datatype="" hiliteColor="FFFFFF" /></GROUP><GROUP name="Methods"><ITEM name="+ cancel()" datatype="" hiliteColor="FFFFFF" /><ITEM name="+ cancelOne()" datatype="string : file_id" hiliteColor="FFFFFF" /><ITEM name="+ disable()" datatype="" hiliteColor="FFFFFF" /><ITEM name="+ enable()" datatype="" hiliteColor="FFFFFF" /><ITEM name="+ stop()" datatype="" hiliteColor="FFFFFF" /><ITEM name="+ upload()" datatype="" hiliteColor="FFFFFF" /><ITEM name="- bindUI()" datatype="" hiliteColor="FFFFFF" /><ITEM name="- completeUpload()" datatype="" hiliteColor="FFFFFF" /><ITEM name="- initializer()" datatype="" hiliteColor="FFFFFF" /><ITEM name="- renderUI()" datatype="" hiliteColor="FFFFFF" /></GROUP><GROUP name="Events"><ITEM name="" datatype="" hiliteColor="FFFFFF" /></GROUP></groups></ELEMENT><ELEMENT hiliteColor="FF9900" height="105" width="250" y="-243" x="-85" name="Parent" type="class"><groups><GROUP name="Properties"><ITEM name="" datatype="" hiliteColor="FFFFFF" /></GROUP><GROUP name="Methods"><ITEM name="get()" datatype="" hiliteColor="FFFFFF" /><ITEM name="set()" datatype="" hiliteColor="FFFFFF" /></GROUP><GROUP name="Events"><ITEM name="" datatype="" hiliteColor="FFFFFF" /></GROUP></groups></ELEMENT><ELEMENT hiliteColor="FF9900" height="69" width="163" y="-304" x="-261" name="Parent Constructor" type="note">1) call self set() method
2) call child&apos;s initializer()</ELEMENT><ELEMENT hiliteColor="FF9900" height="94" width="185" y="-170" x="-564" name="Provider initializer()" type="note">1) bind UI (containers, etc)
2) register the Provider event(file select, upload progress, etc..)
3) bind unload window event</ELEMENT><ELEMENT hiliteColor="3366FF" height="286.95" width="250" y="-180" x="-363" name="Provider&lt;i&gt;" type="class"><groups><GROUP name="Properties"><ITEM name="+ config" datatype="json" hiliteColor="FFFFFF" /><ITEM name="+ name" datatype="string" hiliteColor="FFFFFF" /></GROUP><GROUP name="Methods"><ITEM name="+ upload()" datatype="" hiliteColor="FFFFFF" /><ITEM name="- bindUI()" datatype="string : url, json : vars" hiliteColor="FFFFFF" /><ITEM name="- initializer()" datatype="" hiliteColor="FFFFFF" /><ITEM name="- render()" datatype="" hiliteColor="FFFFFF" /><ITEM name="- renderUI()" datatype="" hiliteColor="FFFFFF" /><ITEM name="- setFileFilters()" datatype="" hiliteColor="FFFFFF" /><ITEM name="- setMultipleFiles()" datatype="" hiliteColor="FFFFFF" /><ITEM name="- triggerEnabled()" datatype="" hiliteColor="FFFFFF" /><ITEM name="- updateFileList()" datatype="" hiliteColor="FFFFFF" /><ITEM name="- uploadEventHandler()" datatype="event : evt" hiliteColor="FFFFFF" /></GROUP><GROUP name="Events"><ITEM name="" datatype="" hiliteColor="FFFFFF" /></GROUP></groups></ELEMENT><ELEMENT hiliteColor="FF9900" height="123" width="185" y="132" x="-454" name="StreamProvider" type="class"><groups><GROUP name="Properties" /><GROUP name="Methods"><ITEM name="- bindDropArea()" datatype="" hiliteColor="FFFFFF" /><ITEM name="- dragEventHandler()" datatype="event : evt" hiliteColor="FFFFFF" /><ITEM name="- rebindFileField()" datatype="" hiliteColor="FFFFFF" /></GROUP><GROUP name="Events"><ITEM name="" datatype="" hiliteColor="FFFFFF" /></GROUP></groups></ELEMENT><ELEMENT hiliteColor="FF9900" height="119" width="150" y="132" x="-208" name="SWFProvider" type="class"><groups><GROUP name="Properties" /><GROUP name="Methods"><ITEM name="" datatype="" hiliteColor="FFFFFF" /></GROUP><GROUP name="Events"><ITEM name="" datatype="" hiliteColor="FFFFFF" /></GROUP></groups></ELEMENT><ELEMENT hiliteColor="3366FF" height="200" width="228" y="-179" x="196" name="Uploader&lt;i&gt;" type="class"><groups><GROUP name="Properties"><ITEM name="+ config" datatype="json" hiliteColor="FFFFFF" /><ITEM name="+ name" datatype="string" hiliteColor="FFFFFF" /></GROUP><GROUP name="Methods"><ITEM name="+ cancelUpload()" datatype="" hiliteColor="FFFFFF" /><ITEM name="+ startUpload()" datatype="string url, json vars" hiliteColor="FFFFFF" /><ITEM name="- initializer()" datatype="" hiliteColor="FFFFFF" /></GROUP><GROUP name="Events"><ITEM name="" datatype="" hiliteColor="FFFFFF" /></GROUP></groups></ELEMENT><ELEMENT hiliteColor="FF9900" height="195" width="189" y="47" x="116" name="StreamUploader" type="class"><groups><GROUP name="Properties"><ITEM name="" datatype="" hiliteColor="FFFFFF" /></GROUP><GROUP name="Methods"><ITEM name="+ formUpload()" datatype="" hiliteColor="FFFFFF" /><ITEM name="+ resumeUpload()" datatype="" hiliteColor="FFFFFF" /><ITEM name="+ retry()" datatype="" hiliteColor="FFFFFF" /><ITEM name="+ streamUpload()" datatype="" hiliteColor="FFFFFF" /><ITEM name="- resetXhr()" datatype="" hiliteColor="FFFFFF" /><ITEM name="- sliceFile()" datatype="" hiliteColor="FFFFFF" /><ITEM name="- uploadEventHandler()" datatype="event : evt" hiliteColor="FFFFFF" /></GROUP><GROUP name="Events"><ITEM name="" datatype="" hiliteColor="FFFFFF" /></GROUP></groups></ELEMENT><ELEMENT hiliteColor="FF9900" height="105" width="150" y="48" x="335" name="SWFUploader" type="class"><groups><GROUP name="Properties"><ITEM name="" datatype="" hiliteColor="FFFFFF" /></GROUP><GROUP name="Methods"><ITEM name="" datatype="" hiliteColor="FFFFFF" /><ITEM name="- swfEventHandler()" datatype="event : evt" hiliteColor="FFFFFF" /></GROUP><GROUP name="Events"><ITEM name="" datatype="" hiliteColor="FFFFFF" /></GROUP></groups></ELEMENT><ELEMENT hiliteColor="FF9900" height="172" width="169" y="-172" x="435" name="SWFReference" type="class"><groups><GROUP name="Properties"><ITEM name="" datatype="" hiliteColor="FFFFFF" /></GROUP><GROUP name="Methods"><ITEM name="+ getFlashVersion()" datatype="" hiliteColor="FFFFFF" /><ITEM name="+ isFlashVersionAtLeast()" datatype="" hiliteColor="FFFFFF" /></GROUP><GROUP name="Events"><ITEM name="" datatype="" hiliteColor="FFFFFF" /></GROUP></groups></ELEMENT><ELEMENT hiliteColor="FF9900" height="159" width="150" y="-365" x="204" name="fRegEvents" type="class"><groups><GROUP name="Properties"><ITEM name="" datatype="" hiliteColor="FFFFFF" /></GROUP><GROUP name="Methods"><ITEM name="+ after()" datatype="" hiliteColor="FFFFFF" /><ITEM name="+ detach()" datatype="" hiliteColor="FFFFFF" /><ITEM name="+ fire()" datatype="" hiliteColor="FFFFFF" /><ITEM name="+ on()" datatype="" hiliteColor="FFFFFF" /><ITEM name="+ publish()" datatype="" hiliteColor="FFFFFF" /></GROUP><GROUP name="Events"><ITEM name="" datatype="" hiliteColor="FFFFFF" /></GROUP></groups></ELEMENT></ELEMENTS><LINKS><LINK endSide="r" startSide="t" label="Inheritance" type="inheritance" descriptor="*start* inherits from *end*" endPosition="604" startPosition="509" hiliteColor="000000" endHead="arrow_open" startHead="none" end="11" start="10" /><LINK endSide="l" startSide="t" label="Inheritance" type="inheritance" descriptor="*start* inherits from *end*" endPosition="604" startPosition="463" hiliteColor="000000" endHead="arrow_open" startHead="none" end="11" start="1" /><LINK endSide="b" startSide="t" label="Inheritance" type="inheritance" descriptor="*start* inherits from *end*" endPosition="533" startPosition="689" hiliteColor="000000" endHead="arrow_open" startHead="none" end="10" start="9" /><LINK endSide="r" startSide="t" label="Inheritance" type="inheritance" descriptor="*start* inherits from *end*" endPosition="462" startPosition="561" hiliteColor="000000" endHead="arrow_open" startHead="none" end="1" start="7" /><LINK endSide="l" startSide="b" label="Dependency (uses)" type="dependency" descriptor="*start* is dependent upon *end*" endPosition="489" startPosition="526" hiliteColor="000000" endHead="arrow_filled" startHead="none" end="4" start="3" /><LINK endSide="b" startSide="t" label="Inheritance" type="inheritance" descriptor="*start* inherits from *end*" endPosition="471" startPosition="514" hiliteColor="000000" endHead="arrow_open" startHead="none" end="4" start="5" /><LINK endSide="b" startSide="t" label="Inheritance" type="inheritance" descriptor="*start* inherits from *end*" endPosition="615" startPosition="368" hiliteColor="000000" endHead="arrow_open" startHead="none" end="7" start="9" /><LINK endSide="b" startSide="t" label="Inheritance" type="inheritance" descriptor="*start* inherits from *end*" endPosition="368" startPosition="569" hiliteColor="000000" endHead="arrow_open" startHead="none" end="7" start="8" /><LINK endSide="b" startSide="t" label="Inheritance" type="inheritance" descriptor="*start* inherits from *end*" endPosition="680" startPosition="771" hiliteColor="000000" endHead="arrow_open" startHead="none" end="4" start="6" /><LINK endSide="l" startSide="t" label="Inheritance" type="inheritance" descriptor="*start* inherits from *end*" endPosition="462" startPosition="573" hiliteColor="000000" endHead="arrow_open" startHead="none" end="1" start="4" /><LINK endSide="b" startSide="t" label="Inheritance" type="inheritance" descriptor="*start* inherits from *end*" endPosition="487" startPosition="525" hiliteColor="000000" endHead="arrow_open" startHead="none" end="1" start="0" /></LINKS></DIAGRAM>
